{
  "exp1_reconstruction": {
    "2": {
      "nmse": 0.028310384635631566,
      "nmse_std": 0.03375678186405309,
      "psnr": 32.43843864844644,
      "psnr_std": 2.925441304801583,
      "ssim": 0.9097350562276755,
      "ssim_std": 0.08609051868709697
    },
    "4": {
      "nmse": 0.030015837932681585,
      "nmse_std": 0.024710958160163797,
      "psnr": 32.21245866164747,
      "psnr_std": 3.01537214306149,
      "ssim": 0.9077328295117307,
      "ssim_std": 0.08593397733872053
    }
  },
  "exp3_sampling": {
    "random": {
      "nmse": 0.030015837932681585,
      "psnr": 32.21245866164747,
      "ssim": 0.9077328295117307
    },
    "equispaced": {
      "nmse": 0.02862209612847997,
      "psnr": 32.37835317389127,
      "ssim": 0.9098703568617156
    }
  },
  "exp4_noise": {
    "baseline": {
      "nmse": 0.030015837932681585,
      "psnr": 32.21245866164747,
      "ssim": 0.9077328295117307
    },
    "40dB": {
      "nmse": 0.03001681976070883,
      "psnr": 32.212138786082996,
      "ssim": 0.9076966732733833
    },
    "35dB": {
      "nmse": 0.030018623901867235,
      "psnr": 32.21131738328869,
      "ssim": 0.9076237801464851
    },
    "30dB": {
      "nmse": 0.030031079980999666,
      "psnr": 32.20791910008465,
      "ssim": 0.9074040738074621
    },
    "25dB": {
      "nmse": 0.030074194713092563,
      "psnr": 32.196396537195874,
      "ssim": 0.9068386220796547
    }
  },
  "exp6_7_latent": {
    "alignment": -0.003450592693740191,
    "uniformity": -1.343544602394104
  }
}
